Image,Label
a1c0339fb1f470c7.jpg,Powdery
8d9173c5b586ae0b.jpg,Powdery
98c8333cd39565a7.jpg,Powdery
f4888cbc63b9c23d.jpg,Powdery
cb0923e6d43bdc4c.jpg,Powdery
ebdfd21c4b01c90d.jpg,Powdery
d3fd7b8e048e1622.jpg,Powdery
b23434724e9bd4cb.jpg,Powdery
adc483b3eab562a1.jpg,Powdery
cdc871e816d634b5.jpg,Powdery
f0f21b8aeb9981b4.jpg,Powdery
f1ee8db40b87c941.jpg,Powdery
c56a369b0bd0e0f5.jpg,Powdery
b8735c314e00fb7c.jpg,Powdery
baf827069efb2045.jpg,Powdery
95cb3b9998371299.jpg,Powdery
c514966632dbc6c7.jpg,Powdery
941a7ab56b4a65c6.jpg,Powdery
d5f8a3b4c49b1a49.jpg,Powdery
94433b7de4f60646.jpg,Powdery
d6937a270f85c661.jpg,Powdery
c88f30fb361df141.jpg,Powdery
f96192338799ae25.jpg,Powdery
90be392de8de9330.jpg,Powdery
c4c73e64c71ed843.jpg,Powdery
8d66329bc5a6512f.jpg,Powdery
a08fea1ef268d85c.jpg,Powdery
90e03c8f3b398d6e.jpg,Powdery
8d84b561666e8eb9.jpg,Powdery
ede1918a5c3893c7.jpg,Powdery
d14a26bccd72a627.jpg,Powdery
f5c66368723bc942.jpg,Powdery
f94248f8b5a5f8e0.jpg,Powdery
ca93368f301cf1e6.jpg,Powdery
8f0d749f8cc01b3e.jpg,Powdery
d14f0b2c06b6aa5f.jpg,Powdery
8382d879b75e2ac5.jpg,Powdery
c0863fc03fe307e5.jpg,Powdery
e685d60b68fc0bc9.jpg,Powdery
d6e22d9c8a667b41.jpg,Powdery
c793708cb0d2cbb5.jpg,Powdery
a8962a4dc29f75a5.jpg,Powdery
d0038fc70833bdd7.jpg,Powdery
ddc2379c21cf30d1.jpg,Powdery
ed0ac179c8d0b5e5.jpg,Powdery
c73662f7024ef388.jpg,Powdery
c87934aa9e58aa5e.jpg,Powdery
88f61237cc354c9f.jpg,Powdery
ee90c7ce1e566c48.jpg,Powdery
c5d8aa7a7d0435c6.jpg,Powdery
983d736954eba458.jpg,Powdery
e9819f0bab01e95e.jpg,Powdery
97d98036f35e4a1a.jpg,Powdery
d6ce7e7e81854cc0.jpg,Powdery
8d6e90e657c1d8ca.jpg,Powdery
802f7439ec1ef0cd.jpg,Powdery
cecd3eb083c45536.jpg,Powdery
fe860dff043e3818.jpg,Powdery
90847b2e9f6ec4e4.jpg,Powdery
839b78511eb468be.jpg,Powdery
983f66d9382446cf.jpg,Powdery
b1cfc77042b4e970.jpg,Powdery
b04827b3e460ff2d.jpg,Powdery
c0c63b4d38f8c69e.jpg,Powdery
94f3be132f07818b.jpg,Powdery
a162949fda64698f.jpg,Powdery
be0a3edd0580ce73.jpg,Powdery
edea668d94294b94.jpg,Powdery
ccc83bf8cd073c98.jpg,Powdery
a5d314b55c4295bb.jpg,Powdery
8dd8e6ce1eb28493.jpg,Powdery
ea52a5279e473147.jpg,Powdery
f7450b96ec49823b.jpg,Powdery
fb90a2d38a48e3e5.jpg,Powdery
c4c70fbae1401d9f.jpg,Powdery
95b34b89d005b4df.jpg,Powdery
d0e230392b9d0ff6.jpg,Powdery
c8e16b710a1e63fc.jpg,Powdery
a0b13faf4bfa028c.jpg,Powdery
c0702f17c4f8fb45.jpg,Powdery
c0e0f81e9f1eaf03.jpg,Powdery
b5ea30852153d79d.jpg,Powdery
dd590fad6464acc4.jpg,Powdery
927d4bc563915ccc.jpg,Powdery
cc032233b787497f.jpg,Powdery
e6b330d8994b6c69.jpg,Powdery
e28c2dc43ca0f6eb.jpg,Powdery
be8892e1c09dcbd9.jpg,Powdery
c04692ad3f78c793.jpg,Powdery
cdde470213a8d26f.jpg,Powdery
8e4c2456576bb52b.jpg,Powdery
8f838afd2c62b2c6.jpg,Powdery
d0d168da543de2e9.jpg,Powdery
f04f86e33b389e12.jpg,Powdery
d0bc2d0d339664f5.jpg,Powdery
89b9f1911ee6126e.jpg,Powdery
957b4bb4925b51c4.jpg,Powdery
cd13a2ec6f8b2b42.jpg,Powdery
d1957a78199ae1f0.jpg,Powdery
d3b93f692c27e480.jpg,Powdery
de44a69ccda07a35.jpg,Powdery
fe33811d3fc2b068.jpg,Powdery
8d93735ada92342e.jpg,Powdery
9896e68da7e59524.jpg,Powdery
facda492459656d4.jpg,Powdery
a4979bcd603a1acb.jpg,Powdery
acb80f1544dcd57a.jpg,Powdery
ce2b568eb0c197b4.jpg,Powdery
839b68005e67d5db.jpg,Powdery
d4996c34398e9e4b.jpg,Powdery
b5f005b7c1c65cd1.jpg,Powdery
9779c1be825e2c4a.jpg,Powdery
cbbc2d2e8f604371.jpg,Powdery
923fd2cb9b0c6c61.jpg,Powdery
d02a31ff24fba603.jpg,Powdery
d5c22b2d36f3c843.jpg,Powdery
8dcf253899ed6324.jpg,Powdery
cc69583c17bd0e39.jpg,Powdery
cedd07a6c69ee108.jpg,Powdery
ff38378920ba812f.jpg,Powdery
8d9e40b6ad51753a.jpg,Powdery
c3c13a9b21b4e747.jpg,Powdery
e578f96ed4d40618.jpg,Powdery
8998c78e92ee1bc6.jpg,Powdery
90693d3fa578d04d.jpg,Powdery
c6e05f0619de3333.jpg,Powdery
ac163630d2769cf6.jpg,Powdery
e592c91c2b64b26f.jpg,Powdery
93d372ea6b94285c.jpg,Powdery
ddca2303c383d9b9.jpg,Powdery
eeab606812f8bec2.jpg,Powdery
9110cb3572d97dca.jpg,Powdery
9093b515e96a578b.jpg,Powdery
cf9d3fc3e12806b0.jpg,Powdery
d795392c59332746.jpg,Powdery
ce861cc40f6fc03f.jpg,Powdery
9786a3d7428b432f.jpg,Powdery
806d7d0df8cae3c2.jpg,Powdery
e49a079f4479f1a4.jpg,Powdery
e9f830a54cb5f0a5.jpg,Powdery
d09f638db1737830.jpg,Powdery
cf0ec556d852a29e.jpg,Powdery
8cec462ef8f07b28.jpg,Powdery
da006f888f337c8f.jpg,Powdery
cc49ede8099914fd.jpg,Powdery
8eeeb0906e75a0e6.jpg,Powdery
fc070f831ef0653c.jpg,Powdery
b12fd695598068d7.jpg,Powdery
81352f0c4c5efa9b.jpg,Powdery
c495623af9b49e70.jpg,Powdery
a8f03562c2a4d9f7.jpg,Powdery
c19861eb8d659fc4.jpg,Powdery
899e3b7cc043cecc.jpg,Powdery
a6e899d90dd36c92.jpg,Powdery
fe95c360952ec12d.jpg,Powdery
b696ba6593c82974.jpg,Powdery
de49678622fd2c4a.jpg,Powdery
f0eb17118d71ab85.jpg,Powdery
d54936d98aade017.jpg,Powdery
e18e5ce563270af4.jpg,Powdery
dce4811791a76ea5.jpg,Powdery
ddd22d3896cac585.jpg,Powdery
c6e87638846f552e.jpg,Powdery
83217f38e476ce52.jpg,Powdery
c2234d6391f963ce.jpg,Powdery
8dd32f7ace1204e5.jpg,Powdery
f69d259c7070c1d3.jpg,Powdery
8299723bc94df5a8.jpg,Powdery
c6d343ab8119ab75.jpg,Powdery
8f9a3a96d131e5b0.jpg,Powdery
92d62837f5c95c25.jpg,Powdery
d0806bfbf9452693.jpg,Powdery
eb809576c342c9f9.jpg,Powdery
820a7abd7594fc45.jpg,Powdery
831a34829dce73f3.jpg,Powdery
d48d5adbbc29c390.jpg,Powdery
f016ace0f9d910f9.jpg,Powdery
94e7cedc618c2927.jpg,Powdery
8652368cba3f4cd3.jpg,Powdery
dbf601a5c18c27e9.jpg,Powdery
cfda28bcbd43c10c.jpg,Powdery
c1cfc8ed98e314c3.jpg,Powdery
8aa51a1fa0eb6db8.jpg,Powdery
d5890ad21bcc8bb7.jpg,Powdery
8393326b99d9c63c.jpg,Powdery
9ce47bc2dca4308f.jpg,Powdery
c1901e75640ebbe7.jpg,Powdery
8cac3723f1aa3d8a.jpg,Powdery
bae44a17ce0438bf.jpg,Powdery
e4f41f1da41555f0.jpg,Powdery
8f4d343a8acde632.jpg,Powdery
d03c1ec3689f37c8.jpg,Powdery
c0630f69dcd1789d.jpg,Powdery
dc597b339482e585.jpg,Powdery
cdc13d9515b7082f.jpg,Powdery
dcc13ff620061f2e.jpg,Powdery
c08e2b86b5bf70a3.jpg,Powdery
e777763e80c1f060.jpg,Powdery
d2c92a35058b97bd.jpg,Powdery
c1dc6b39701eca8e.jpg,Powdery
dfb8688819856be9.jpg,Powdery
ef0275948cb82aed.jpg,Powdery
bb872f29c0935a78.jpg,Powdery
8a55853d77b262d2.jpg,Powdery
fdadc5c8c80df111.jpg,Powdery
8de3e321b1f96c03.jpg,Powdery
bfd071cb64c88c71.jpg,Powdery
acd0d5a941766b66.jpg,Powdery
e7d71e4054c4c13f.jpg,Powdery
a7ebf1c5d9600165.jpg,Powdery
f80c362713f4533d.jpg,Powdery
e3ce62968cf05a99.jpg,Powdery
ad997b3cb2842762.jpg,Powdery
eea2e669a39c2172.jpg,Powdery
c63a4f61afcb1382.jpg,Powdery
c0171fe57139a92b.jpg,Powdery
9cc62996799866b3.jpg,Powdery
d4913d2569cf7c0c.jpg,Powdery
cdc13091db39ce39.jpg,Powdery
c3fc7b08985eb511.jpg,Powdery
c1c834381f19edf6.jpg,Powdery
89838699a3e3f2a7.jpg,Powdery
c39a6a2450c4ffe5.jpg,Powdery
cb89e22ed61c53e8.jpg,Powdery
8f3a23ed1c27c097.jpg,Powdery
b6b12ac9ce619e61.jpg,Powdery
c37d388c1ec16d1d.jpg,Powdery
d6e047eea05c69a9.jpg,Powdery
d465d760828ff1a3.jpg,Powdery
c6c3e0fc39b43926.jpg,Powdery
8d5d348133579b53.jpg,Powdery
d2dde6604dc5a534.jpg,Powdery
93831b7db531c0e5.jpg,Powdery
d4b4dacc21b06b97.jpg,Powdery
bc8a0d9e0f90e85f.jpg,Powdery
c4126f9b187c5e8b.jpg,Powdery
fa5a221f9d6e2941.jpg,Powdery
e0bc3f031c18fc1f.jpg,Powdery
909917d62acab74d.jpg,Powdery
c4bd277cd8838a2b.jpg,Powdery
886f2ea5bdd5a121.jpg,Powdery
9888ce2d3e363acd.jpg,Powdery
cf683615876164f6.jpg,Powdery
96a558b0e901ff63.jpg,Powdery
dd2b55650be44d49.jpg,Powdery
ceca3279956c3683.jpg,Powdery
bba49317683af03a.jpg,Powdery
8b697510da58e753.jpg,Powdery
8c8675728b866c7d.jpg,Powdery
97963e22ead6d288.jpg,Powdery
876c42376362bd69.jpg,Powdery
e1c3963c6bb08f38.jpg,Powdery
9d903bbbc06c25e9.jpg,Powdery
8d60371bcfa4d338.jpg,Powdery
d46f7e4a73c00996.jpg,Powdery
8a9ed96e66850ba5.jpg,Powdery
a38796d33c797310.jpg,Powdery
f3cc9379c98b8a03.jpg,Powdery
8d5d196058f3d627.jpg,Powdery
aaa95f2442cf8d0f.jpg,Powdery
87f2388ddbd0aa16.jpg,Powdery
d59b4b48692dc4f1.jpg,Powdery
cd8b6426ca87396e.jpg,Powdery
fc52e40b376d38c8.jpg,Powdery
d9cf25374ae1d20a.jpg,Powdery
8b43f83043fb417b.jpg,Powdery
8dad7569d0b55b04.jpg,Powdery
c96f37f88c4c26c1.jpg,Powdery
f4a390c7c1ae633c.jpg,Powdery
89f63639b00fdb03.jpg,Powdery
c2f01eca72b59c0f.jpg,Powdery
8b741acf9c3342ae.jpg,Powdery
d5912f63b8a8c353.jpg,Powdery
c33336f29e1ce498.jpg,Powdery
c7986fe4a50a66c5.jpg,Powdery
c82663f0561e4ef9.jpg,Powdery
b76f33828305db52.jpg,Powdery
fc8c021f13194dfd.jpg,Powdery
eb4172d496f8c41e.jpg,Powdery
def76a9002058be7.jpg,Powdery
e03795d3f908a31d.jpg,Powdery
d9c2b023a6ecdd83.jpg,Powdery
de8860da8c1dc8df.jpg,Powdery
9662e73258982d3f.jpg,Powdery
cc066b5d98b5b26c.jpg,Powdery
8c4e87ce6d816ec3.jpg,Powdery
cd9f7801fc03c71c.jpg,Powdery
97f8914ca7a33896.jpg,Powdery
c6e3f29803fc462d.jpg,Powdery
c2969713135b39dc.jpg,Powdery
caac3b84835e4ae7.jpg,Powdery
ca4835dc6de52372.jpg,Powdery
dbcddab440b18356.jpg,Powdery
df570928d3d22a9a.jpg,Powdery
cf4c27b8b2352d91.jpg,Powdery
be94326049a979ed.jpg,Powdery
c39a78d9a060f63b.jpg,Powdery
c6526ad895a91e5e.jpg,Powdery
978f69da2208eb93.jpg,Powdery
a0d95a2d9507afd4.jpg,Powdery
e32938df4d780ea4.jpg,Powdery
d0563fbb241b2ce1.jpg,Powdery
90c6ef8cb8370bd2.jpg,Powdery
958d2d6b3b3318ac.jpg,Powdery
c83969eb294d2637.jpg,Powdery
d69a6d682326479d.jpg,Powdery
8707b1d867e3788c.jpg,Powdery
9d94e38360edc719.jpg,Powdery
9dfc3532f494c0cc.jpg,Powdery
b8e4970760f1c29f.jpg,Powdery
e94b7bd25a9968a0.jpg,Powdery
d2c367653d2af228.jpg,Powdery
b3e48dcd53d20d29.jpg,Powdery
c0c8096557bf725e.jpg,Powdery
cafe25b4aeb0a8a1.jpg,Powdery
da907435d1479b3c.jpg,Powdery
d7c360a98454bdea.jpg,Powdery
e4e0cb8f6d9a5252.jpg,Powdery
d6b03acf781b6119.jpg,Powdery
938b9e0d737b058c.jpg,Powdery
c9d4322bf087c7a9.jpg,Powdery
97cc6c90c76831fc.jpg,Powdery
f08e137bdb307914.jpg,Powdery
cd7b46a12d358715.jpg,Powdery
829a171f2d71c3e5.jpg,Powdery
c2d6672bc28307cf.jpg,Powdery
d2e665581b6ba915.jpg,Powdery
c48d75e7c8263b89.jpg,Powdery
f590901259eee56e.jpg,Powdery
d5f1db088e8db522.jpg,Powdery
94182aa9df56dab8.jpg,Powdery
c9e43d9de80a8763.jpg,Powdery
ccb2129857236f6e.jpg,Powdery
dec62497d6c2194d.jpg,Powdery
d46b2738c3167bb0.jpg,Powdery
d25f3744c43a6d70.jpg,Powdery
9d9c100b78fbd949.jpg,Powdery
8192743f44f1d9ad.jpg,Powdery
94ea908dcdceec16.jpg,Powdery
d89627d91927649e.jpg,Powdery
bfa02e61c0ec1f2e.jpg,Powdery
b463427db0d461cf.jpg,Powdery
dac31b1ecd989895.jpg,Powdery
c4e97291cf71a2ac.jpg,Powdery
85572bd46852a577.jpg,Powdery
828d2f4a91754ddb.jpg,Powdery
98a81c358479bfcb.jpg,Powdery
cc9bdfb8483f20a1.jpg,Powdery
c0a146ddfd7c58e0.jpg,Powdery
96c03bfc8f8d60a3.jpg,Powdery
8d8a3de84bdca52c.jpg,Powdery
8e4118e595e29f5e.jpg,Powdery
fa95acc530b602de.jpg,Powdery
a5c65f3c2c792233.jpg,Powdery
8b7569be32192c1e.jpg,Powdery
cb6b3110b7dae9c0.jpg,Powdery
c9ae1b9019698f2f.jpg,Powdery
dcd82b44eccdd350.jpg,Powdery
908537e80ef843df.jpg,Powdery
c99616e4920df4ed.jpg,Powdery
f9011ffc0a4552af.jpg,Powdery
ded1e4ce780a790c.jpg,Powdery
929072e6ce199767.jpg,Powdery
af8194f5d202b3d6.jpg,Powdery
ced36b93c8c498c3.jpg,Powdery
ba62680dcf379178.jpg,Powdery
fff094a1d85289a5.jpg,Powdery
e60442ef4b957a3c.jpg,Powdery
fff11a16638e2514.jpg,Powdery
868e664dd46569b9.jpg,Powdery
dbe6c1f60cf81f00.jpg,Powdery
f5139361351a6b99.jpg,Powdery
fdb1672fda590810.jpg,Powdery
91949748cdcba736.jpg,Powdery
dbdc302b145965a7.jpg,Powdery
d24e3ad73ea0073a.jpg,Powdery
c9c738261ff047f0.jpg,Powdery
8781dcd12a57aec5.jpg,Powdery
e739712c1c37b1c1.jpg,Powdery
c225f117dd3d1cc4.jpg,Powdery
d15e92a43a7ad09b.jpg,Powdery
a4f635f2952bd209.jpg,Powdery
c5d61ce9786a01d7.jpg,Powdery
94683cc4763a6b3b.jpg,Powdery
90617a570fcaa29f.jpg,Powdery
e1892f6e98ec05ba.jpg,Powdery
f0b59e569bd26094.jpg,Powdery
c1814fca2a2fff03.jpg,Powdery
839639e5de98514b.jpg,Powdery
fada200be0f209bf.jpg,Powdery
845a35eab620d1bf.jpg,Powdery
dcca6a2b254ca4f6.jpg,Powdery
bd3e64f2da30c324.jpg,Powdery
9d4a3a18eec773a0.jpg,Powdery
8abd0e2f60929dec.jpg,Powdery
c7453b8f41351be2.jpg,Powdery
bdda746048d3da38.jpg,Powdery
c662b58d47917a6a.jpg,Powdery
8a2d598f2ec436e6.jpg,Powdery
bd0f77a894458ea2.jpg,Powdery
91a7ffb38048674c.jpg,Powdery
9997cd7c15b87092.jpg,Powdery
8ceaba5894836ee9.jpg,Powdery
d96d3032f2c9cf50.jpg,Powdery
da8c9c397939b312.jpg,Powdery
f63c7c880f6fa2c0.jpg,Powdery
c4f46ee06dc6c29c.jpg,Powdery
cf93c9f130c434c7.jpg,Powdery
d8b0d86eb617132b.jpg,Powdery
d96720fc36c10f8b.jpg,Powdery
ce792e35b06ab151.jpg,Powdery
f0f4d2c90c3d187b.jpg,Powdery
d26aafe07980dc2e.jpg,Powdery
fa888b5a2536b78a.jpg,Powdery
ac961a027db789d9.jpg,Powdery
b34c524efdb39109.jpg,Powdery
98ffca83d33490a9.jpg,Powdery
d8970a626769bd4c.jpg,Powdery
984c7d35c9d26636.jpg,Powdery
d1a0a392cadb196f.jpg,Powdery
eb2be119883e8e2b.jpg,Powdery
b0f6a1c974ad91cc.jpg,Powdery
8e099418216fefeb.jpg,Powdery
8e8be69bc53038cb.jpg,Powdery
c50aeff62a25ab84.jpg,Powdery
dfe1279ac92430c7.jpg,Powdery
e160ddea201fe29d.jpg,Powdery
d8ba4f3a333ca186.jpg,Powdery
c7c3683c3c4e9955.jpg,Powdery
c0d193afd90bca1e.jpg,Powdery
9fd72a18e1691527.jpg,Healthy
92d85a6ba115dccd.jpg,Healthy
8bd27e8d6124a5b3.jpg,Healthy
9f9fc8097da181d2.jpg,Healthy
85e36aee1a5c15b8.jpg,Healthy
92e83ad88015df3f.jpg,Healthy
8bda74e18b458f0d.jpg,Healthy
95ec69d324a95aac.jpg,Healthy
88b98dc1339ad9dc.jpg,Healthy
86aa7d75862569b4.jpg,Healthy
852bc06b76d837f0.jpg,Healthy
86c23c9f9468cee3.jpg,Healthy
80d72f999a956d86.jpg,Healthy
864e65893673aba5.jpg,Healthy
9fe174c9e157850a.jpg,Healthy
88dc1ee9f4258fa2.jpg,Healthy
800edef467d27c15.jpg,Healthy
804e673e9ec3d12b.jpg,Healthy
95e3c8ec6c0d927a.jpg,Healthy
90e44ee17cf246ad.jpg,Healthy
81cb3d2572b29b99.jpg,Healthy
90e939d6567f0391.jpg,Healthy
82ec9b372f852f18.jpg,Healthy
93bdcbc8c9ac01b3.jpg,Healthy
80abc9d697ec22b6.jpg,Healthy
9ef144c9da1a616d.jpg,Healthy
9eea5a4f6d1c9098.jpg,Healthy
828fc0dc4fe230f7.jpg,Healthy
83e534c523eebab0.jpg,Healthy
9af6d185bdc8660c.jpg,Healthy
91a71de9b0b8725a.jpg,Healthy
9e20ef2a2179d89d.jpg,Healthy
94a39b9e318d62d5.jpg,Healthy
8c98ec6fb596c2d0.jpg,Healthy
95e633360a0fe539.jpg,Healthy
85ca3c8fa0b4dfd0.jpg,Healthy
86b0cacde5c57332.jpg,Healthy
83a65ed1d28e9d83.jpg,Healthy
9af86d9953645836.jpg,Healthy
90a1b29e3556c9b7.jpg,Healthy
9a4b9bf1544567c4.jpg,Healthy
80af63966d9272e9.jpg,Healthy
83cbdf3a6cd03606.jpg,Healthy
83e1bc9ee0f07865.jpg,Healthy
9d3824db1a71c5ec.jpg,Healthy
849da6a19e69ec55.jpg,Healthy
84a39ee15eb5419e.jpg,Healthy
97b0c3906729d7a5.jpg,Healthy
819c8fd2754f526c.jpg,Healthy
8cc5870c7b3875ea.jpg,Healthy
8bf8dc40ec70a4fa.jpg,Healthy
8bf87605d2b3a323.jpg,Healthy
94fa746da6a25a1c.jpg,Healthy
93baf11cc50daaaa.jpg,Healthy
88d8c872ceb7a2b6.jpg,Healthy
9e65bc327c19d229.jpg,Healthy
90ed9ba0a1376f16.jpg,Healthy
9a6792be9da2b414.jpg,Healthy
94a99387cd1a2dd3.jpg,Healthy
9aa925f85a0d5ac7.jpg,Healthy
82b632b2d96b496e.jpg,Healthy
833c97cd34eb4526.jpg,Healthy
90ca1673f19c8f63.jpg,Healthy
802b59956a7aa5e7.jpg,Healthy
95e1ca93ea95256c.jpg,Healthy
95cd695ad68c78a4.jpg,Healthy
94b46bc8663c25f9.jpg,Healthy
88a9b090d7dcdbd8.jpg,Healthy
94b393b3b1e8a4ac.jpg,Healthy
94a63e567b4b4589.jpg,Healthy
9e21c4da3336bd52.jpg,Healthy
9b76398661307c5b.jpg,Healthy
98b039a386bbde07.jpg,Healthy
8cace85a5555acbc.jpg,Healthy
811b2bd335e9cb16.jpg,Healthy
93c23783c34bcb6a.jpg,Healthy
94d8babc5a2d4a27.jpg,Healthy
95df116a2a61fc29.jpg,Healthy
96b4b5b5615d4962.jpg,Healthy
80b0b0dacf697db4.jpg,Healthy
852b3dcb856652d5.jpg,Healthy
8cabfc30e0a380ff.jpg,Healthy
98a589c066c8dbfb.jpg,Healthy
96b60cbdacd5948a.jpg,Healthy
8bde3f5d5cd08484.jpg,Healthy
826c96e83790799f.jpg,Healthy
9f9c55656a4592b2.jpg,Healthy
94c526b29bb94aba.jpg,Healthy
97f3cad16524509b.jpg,Healthy
96b9a211c73b606f.jpg,Healthy
94c350bfec80bf2c.jpg,Healthy
81cf7d7854071753.jpg,Healthy
95f7ff5d0a1c0818.jpg,Healthy
8d37caa695c9329a.jpg,Healthy
8bd39bca890ced49.jpg,Healthy
869c8acd737cc133.jpg,Healthy
84f60a857fb26bc1.jpg,Healthy
84f08e4320ecfbe7.jpg,Healthy
84f0c8e17cb707dc.jpg,Healthy
98a3667e4a19b476.jpg,Healthy
81b3f17d0c24ff03.jpg,Healthy
94b2129f1555755e.jpg,Healthy
8d629dc09d0f2be9.jpg,Healthy
84f56fda39453a24.jpg,Healthy
8db3c8abe2745554.jpg,Healthy
89b4249951e1c7ef.jpg,Healthy
95c86878e7c2e764.jpg,Healthy
818ad34b7a6ab59c.jpg,Healthy
88ea5295af60d477.jpg,Healthy
89bae2da75769860.jpg,Healthy
82ee15ccbc7470cb.jpg,Healthy
87b7d0903bda648d.jpg,Healthy
82c9939dd9c3e549.jpg,Healthy
97a58fc648ae9878.jpg,Healthy
90f1f8aa55079735.jpg,Healthy
9ef22a56e70c8ad2.jpg,Healthy
85c1b6cba4385eb9.jpg,Healthy
9e6b2a936acf8542.jpg,Healthy
9b718db9041ce36e.jpg,Healthy
97c0b0da91cbcb53.jpg,Healthy
84cb3a362cced993.jpg,Healthy
84f3b7d6d304847c.jpg,Healthy
851aa29da98f734b.jpg,Healthy
98ba1a557464cdb5.jpg,Healthy
82ac2520151ffb7f.jpg,Healthy
90ece9d647c23ca6.jpg,Healthy
837bf495000ef75c.jpg,Healthy
9e4a89cf5a4945b3.jpg,Healthy
91ec138593c7d1ba.jpg,Healthy
88e02dc340bee2ff.jpg,Healthy
9f81ea811f3d3278.jpg,Healthy
9b1667817e72266c.jpg,Healthy
85b8ce6594955ad9.jpg,Healthy
88e178d578d931d5.jpg,Healthy
84efc0807fee703a.jpg,Healthy
8c2bb1e6bc87329c.jpg,Healthy
9f2174f703ca3961.jpg,Healthy
94ccbe902df63a26.jpg,Healthy
96ba4ad986a24c7d.jpg,Healthy
88bf907dc2e62ca6.jpg,Healthy
8dd6208b3ae54b4f.jpg,Healthy
839b918b7ced00fc.jpg,Healthy
86d098abcfe36235.jpg,Healthy
95f001e87e7562e3.jpg,Healthy
89afbce1e20f8296.jpg,Healthy
90f7e0c35d5a1f14.jpg,Healthy
97a6fa75d1c009e2.jpg,Healthy
9db34d659c134867.jpg,Healthy
8dbb1ad3b44b684a.jpg,Healthy
90c33a692df76827.jpg,Healthy
89b71da28857e672.jpg,Healthy
8d3ce3d6918b6c15.jpg,Healthy
819a123b5a157ff2.jpg,Healthy
81c6cfc6c8dc9ad8.jpg,Healthy
80f816d6cecb8b87.jpg,Healthy
88b3109b5fe0feb0.jpg,Healthy
8d5ecfd6c4acc281.jpg,Healthy
8d3d8239cdcd08f5.jpg,Healthy
93fa2fc76498b111.jpg,Healthy
803e60cf3c64e1fe.jpg,Healthy
95f1ea92663864b5.jpg,Healthy
90b29a6de5647627.jpg,Healthy
95a15a575b4ba8a9.jpg,Healthy
85f59fcc60bcc701.jpg,Healthy
84c0cf8a79d77b84.jpg,Healthy
851a8338f80fe6eb.jpg,Healthy
93a7c1dd2fe04f20.jpg,Healthy
93d90c204f3d9bf2.jpg,Healthy
90b72ad8b7c8b295.jpg,Healthy
803bcb65f486e39a.jpg,Healthy
98d8e3d2ce3074d9.jpg,Healthy
83fc881f7353f026.jpg,Healthy
87c2350afc10cbf7.jpg,Healthy
96cf8012697f3c78.jpg,Healthy
93a1d1d6e69a7451.jpg,Healthy
80f4549ce81eefe1.jpg,Healthy
82db97c102e8cf9d.jpg,Healthy
80c61d6b492d76b7.jpg,Healthy
94c16e393d27707c.jpg,Healthy
92c5db4cbce6852a.jpg,Healthy
8ca62f58f5868adc.jpg,Healthy
91af19dc085faab1.jpg,Healthy
97a83595219e3e53.jpg,Healthy
9e95d9290982fb6a.jpg,Healthy
8dad7a6791407963.jpg,Healthy
95a4c9cbdacb6a24.jpg,Healthy
8d38cd18ce9d5dc4.jpg,Healthy
95bc9f8946d14cc6.jpg,Healthy
90e5d28ae58b8dc7.jpg,Healthy
9e176c685df204ba.jpg,Healthy
9e9782773b183790.jpg,Healthy
81d291cad9657d35.jpg,Healthy
9dd96a6e60863497.jpg,Healthy
97cca368aee1e710.jpg,Healthy
85edd994308a6f65.jpg,Healthy
94b78d183adc3b43.jpg,Healthy
85e0cb69d2e6486f.jpg,Healthy
81a0bf90db97946e.jpg,Healthy
84f81ac3c5ed6566.jpg,Healthy
90ee3bc4cc3d1b16.jpg,Healthy
90d349c987f42f1d.jpg,Healthy
80a2c93fd2d9655d.jpg,Healthy
95bf5adf35348420.jpg,Healthy
8dad31a8e26bc56a.jpg,Healthy
84cf8c8fd5978b81.jpg,Healthy
80c190d95bf963f6.jpg,Healthy
85c06fa14595979f.jpg,Healthy
9a71889a93779996.jpg,Healthy
97c0d31d3c343b36.jpg,Healthy
80cac5abcfa9c9b4.jpg,Healthy
92e4c4964f8f370d.jpg,Healthy
9fcb68a0fc2a60ae.jpg,Healthy
91e9417676109afd.jpg,Healthy
97c238b84983b5be.jpg,Healthy
92b7678eb031b329.jpg,Healthy
85cfcf2c583026e7.jpg,Healthy
92b17234da98d6f2.jpg,Healthy
89fd3f8768a01de0.jpg,Healthy
855d9ab1c98b6d0d.jpg,Healthy
85c9485b3c97efc0.jpg,Healthy
94e9c93678307b27.jpg,Healthy
81b74b16fc89f80e.jpg,Healthy
84a15c97cc9cff48.jpg,Healthy
89ee37336341ce4c.jpg,Healthy
85cd583c276236b7.jpg,Healthy
8bc2979962db6549.jpg,Healthy
89f491c55b07ea78.jpg,Healthy
94e7da9f283c45b0.jpg,Healthy
80b075dfc24bb725.jpg,Healthy
90d162cfad5c7853.jpg,Healthy
81ea6b2592e69697.jpg,Healthy
816d69d2153fe84b.jpg,Healthy
83ba98e3ad3c6872.jpg,Healthy
804e1eda54919fbb.jpg,Healthy
81f93115d0deb6a3.jpg,Healthy
83f6eb92b4a9a454.jpg,Healthy
839c2fcaf4c1668b.jpg,Healthy
81c6cacef9340f35.jpg,Healthy
89b949916b36cb9c.jpg,Healthy
96b625968ba9bea0.jpg,Healthy
80e2c3d2afc9782f.jpg,Healthy
9d9d4a4b97168e8a.jpg,Healthy
98bfd5f08d00e0de.jpg,Healthy
87b7b7101ae8f2c8.jpg,Healthy
85ca96c786858dde.jpg,Healthy
84f01d83f8ff321c.jpg,Healthy
86a787878ebf6a04.jpg,Healthy
835cc7a81f853c9d.jpg,Healthy
95aa53c32965a0ef.jpg,Healthy
9a9075e42e8f9ab1.jpg,Healthy
95c685566ab21f59.jpg,Healthy
80aa53172b9fc78d.jpg,Healthy
9a9f9a25945661d5.jpg,Healthy
94e947373a5423cb.jpg,Healthy
9f047ac44a6a1f6d.jpg,Healthy
82fc37c398513727.jpg,Healthy
87a7d1d8e4d65254.jpg,Healthy
90c790666f674f58.jpg,Healthy
9d7ddcd23087a542.jpg,Healthy
80a13fcd9a4fb14b.jpg,Healthy
92a5967197726a5a.jpg,Healthy
80af5fce149ca4f4.jpg,Healthy
95bdcf7ca7520310.jpg,Healthy
8bd96ae02c2b9cb6.jpg,Healthy
83e163c3c17a1f39.jpg,Healthy
9edc590c03bd8b8b.jpg,Healthy
96a6d2e993318b47.jpg,Healthy
94f297139780a5eb.jpg,Healthy
84e8bcb5451d8f63.jpg,Healthy
97d96fd68296801e.jpg,Healthy
88b1b88f56aa565b.jpg,Healthy
89df8738da38a196.jpg,Healthy
80eb96948bd68f9a.jpg,Healthy
97abdad2485a4b25.jpg,Healthy
80a4c7f6ad9a55d8.jpg,Healthy
809e3fc0cbac7c59.jpg,Healthy
8c8c3cb823c657fc.jpg,Healthy
9d90616795187aed.jpg,Healthy
812a9ac1796bf5c3.jpg,Healthy
92a925c0f3ebe9e0.jpg,Healthy
9f227a89b64a42f9.jpg,Healthy
9d788a91891b8f79.jpg,Healthy
84d0cf1338647bb7.jpg,Healthy
94f285856b8c7b2b.jpg,Healthy
96dbc812c2eab36c.jpg,Healthy
81ae4e721bc9277a.jpg,Healthy
8dc98fc12935372d.jpg,Healthy
82b077dae06cab17.jpg,Healthy
88f0d0d5de89b5c5.jpg,Healthy
90f66fcb38258bb0.jpg,Healthy
845e6e3b919ed660.jpg,Healthy
8d7e68ad52278762.jpg,Healthy
818bba9d38f8bc54.jpg,Healthy
92e8c955cc7d6c4c.jpg,Healthy
92aa92758b9a71da.jpg,Healthy
88b65ca79970317b.jpg,Healthy
85c5705c1f5abab8.jpg,Healthy
99cbf69166724332.jpg,Healthy
84bbf6dac5a0351a.jpg,Healthy
80a7cecb3616b633.jpg,Healthy
80decb70b3295bb2.jpg,Healthy
9de59a9c27c148d3.jpg,Healthy
813b28597df0abd2.jpg,Healthy
9b39c824c7e531cb.jpg,Healthy
99a9ed6694933354.jpg,Healthy
85a5a0257f17fd12.jpg,Healthy
97cb55ea1a31acb0.jpg,Healthy
85ee63732c8cf3c0.jpg,Healthy
82aeb5e4582fb2aa.jpg,Healthy
80dcc12cc917ef5d.jpg,Healthy
818a15d52bb75f0e.jpg,Healthy
89ea1631ecac73c9.jpg,Healthy
95a1679535d29f30.jpg,Healthy
86c8358db7d560ad.jpg,Healthy
81b331e1c1720fdf.jpg,Healthy
89b24499628fb5ed.jpg,Healthy
89e8b534da36722d.jpg,Healthy
9fd8a0ed6cc0b352.jpg,Healthy
92bc6dc6e6328369.jpg,Healthy
81b61a9974673bcc.jpg,Healthy
89eb8c8d9ccd9499.jpg,Healthy
89cfa93dcc0587a3.jpg,Healthy
81c303afa7d2c3ea.jpg,Healthy
87c32387a2b4eaea.jpg,Healthy
871bbbd18a4560e7.jpg,Healthy
89becd60a683a29f.jpg,Healthy
854b9969503d1f1f.jpg,Healthy
92f03f9158ba3d13.jpg,Healthy
84f2e6485b0f5b5a.jpg,Healthy
9fcd0929d22d3353.jpg,Healthy
86ed9631b7698523.jpg,Healthy
9fa495beda4d0055.jpg,Healthy
9e2494d70b6db5c8.jpg,Healthy
8d334c9373cd9853.jpg,Healthy
93ca66845df1b623.jpg,Healthy
92da59c624ad9f52.jpg,Healthy
90da32919d3679f4.jpg,Healthy
82dc2fe996bd420b.jpg,Healthy
94a386b68ebfd0d0.jpg,Healthy
95ead0c1864ee796.jpg,Healthy
96a738204ddf9cd1.jpg,Healthy
812e5f86f61ec31c.jpg,Healthy
94adc09d958de497.jpg,Healthy
8d87c5f4c0de9899.jpg,Healthy
81f98780ca8fcaed.jpg,Healthy
92f9ca821c8779f2.jpg,Healthy
9a2f3cd04f7fa082.jpg,Healthy
8ce4949ec3d22bb3.jpg,Healthy
850f988179efaf03.jpg,Healthy
81b637c03de1f899.jpg,Healthy
8d5133fd9ca75428.jpg,Healthy
9fd08acafc84e664.jpg,Healthy
9b850760797fb614.jpg,Healthy
852b4e943d69cb55.jpg,Healthy
97b5e5ccc74c4544.jpg,Healthy
88ea3ab4e8dc0f39.jpg,Healthy
859d3ac6e0bc4fa1.jpg,Healthy
84f26d8b126fe3a8.jpg,Healthy
82c6a1c4de8f58bd.jpg,Healthy
80f515f574cb609e.jpg,Healthy
89d12bd9a3678da2.jpg,Healthy
81a569f5e71b3213.jpg,Healthy
92baa7256482679f.jpg,Healthy
87a787abf451224b.jpg,Healthy
98ddd09991a9370f.jpg,Healthy
84bd249a33788fa7.jpg,Healthy
91ece5c69907362b.jpg,Healthy
9a0b2a6175d666ce.jpg,Healthy
83b24a7e2acb938d.jpg,Healthy
9dd6e871109407ef.jpg,Healthy
96d1a52dac752237.jpg,Healthy
96d88e1f6a9e4986.jpg,Healthy
839f36383b70463e.jpg,Healthy
9e8fccf26a27a130.jpg,Healthy
94e4d8968d9bb499.jpg,Healthy
94b26d8dc50d69bc.jpg,Healthy
853fb699a1810dbb.jpg,Healthy
9e8288fe9a2d6d29.jpg,Healthy
88e0ab8b0e7d7f0c.jpg,Healthy
80c23fcf63786e70.jpg,Healthy
9de438c9654b0af5.jpg,Healthy
93b38ee5a405357c.jpg,Healthy
9d9bb09c8b40db5a.jpg,Healthy
96b14bd8d361694b.jpg,Healthy
84cd4a68b6b6ec8d.jpg,Healthy
92aed55b4ad18cb1.jpg,Healthy
85a335c53f94c6a3.jpg,Healthy
836c9a5fe41de431.jpg,Healthy
8d8185d0d995bdb9.jpg,Healthy
9a35774c2aa6207f.jpg,Healthy
91ab6ae12db59156.jpg,Healthy
93eb385e2643eca4.jpg,Healthy
9d48d164ee86678b.jpg,Healthy
87eb994599da9047.jpg,Healthy
83f7381b7cace01c.jpg,Healthy
96d969468ccd9565.jpg,Healthy
88a7c93f86cb445b.jpg,Healthy
95c25b7a7d1a0695.jpg,Healthy
90ab34aa79735473.jpg,Healthy
9dd9370b620d0ee3.jpg,Healthy
83cbdfdcc82c3c30.jpg,Healthy
85f03e6f8186ac9e.jpg,Healthy
80a5a17f5e48697d.jpg,Healthy
813fe22dc37e4750.jpg,Healthy
85b90c94badad92d.jpg,Healthy
89aedec411a5763a.jpg,Healthy
94d2c39ae8f86b26.jpg,Healthy
94ccde9c16ba2723.jpg,Healthy
98cd9966d30ec3e1.jpg,Healthy
9f696aa90869fc23.jpg,Healthy
816b93c24a07f6de.jpg,Healthy
87e5be5080617f6a.jpg,Healthy
9e99dd8a8dd46238.jpg,Healthy
80acda383e3367cd.jpg,Healthy
9e004fca3675d63c.jpg,Healthy
84b0d76a22257b6f.jpg,Healthy
87b7627ec0ccc3c2.jpg,Healthy
9d929299e5c96cc5.jpg,Healthy
92a409c0d6fe7a6d.jpg,Healthy
85f4ed2423692f95.jpg,Healthy
86eedf103f391a0a.jpg,Healthy
9db89d41603e0fb3.jpg,Healthy
98d2ed0b33c866d9.jpg,Healthy
90b42a547de9f469.jpg,Healthy
91c98dab997929d4.jpg,Healthy
89dc9838cad84b6f.jpg,Healthy
801d6dcd96e48ebc.jpg,Healthy
9fd400d5d66976a2.jpg,Healthy
8ce77048e12f3dd4.jpg,Healthy
90ee3bc6896517b8.jpg,Healthy
90f45f2e2d1e2789.jpg,Healthy
90a62b2a75655ed5.jpg,Healthy
85dd857129e5c6a6.jpg,Healthy
833cad8178db251f.jpg,Healthy
85e0c988c4e787fe.jpg,Healthy
94e24a4b96adadc5.jpg,Healthy
85e7c7ef8a0095b2.jpg,Healthy
80aaeaaa275d5e36.jpg,Healthy
92fe73ca991d1984.jpg,Healthy
94b531898979f38b.jpg,Healthy
8d1fca964b98453d.jpg,Healthy
819e38358d32cf2f.jpg,Healthy
8c87c6d58cb99c71.jpg,Healthy
84a507f705587f78.jpg,Healthy
87c6b5aaf1a65286.jpg,Healthy
8dcad9e6c8b70a19.jpg,Healthy
93f476c7e42700bc.jpg,Healthy
81db1b3332a11b9f.jpg,Healthy
9dff08c36ca1037a.jpg,Healthy
9ac3c5851b3d75c2.jpg,Healthy
9db192eba5fca420.jpg,Healthy
87fa4e55a529a2e2.jpg,Healthy
9b9079448919fa5f.jpg,Healthy
94e1675b7b308e1c.jpg,Healthy
854d79c3a9a9c5ac.jpg,Healthy
94a0d880a99fb5fd.jpg,Healthy
90f28407fd9ebcd0.jpg,Healthy
98e945d96424bb75.jpg,Healthy
a8b11628f78a8adf.jpg,Rust
bda896530a3d7855.jpg,Rust
a49bb8b160eadba4.jpg,Rust
cf853579724b4a4c.jpg,Rust
cdf1098ab2db09da.jpg,Rust
a03fcf005a91fab9.jpg,Rust
8abc65c20f33e4da.jpg,Rust
a815cbb7ab8baa28.jpg,Rust
c58717e8256d2a76.jpg,Rust
c7bf8058ce81e995.jpg,Rust
cf61b53c018e70db.jpg,Rust
af3ba5649680caad.jpg,Rust
b6ba9ab11bd29581.jpg,Rust
b4e9c485361b59b5.jpg,Rust
a09790cfda8dcdc8.jpg,Rust
9583cadf870e7132.jpg,Rust
b00ff8c27b6c239a.jpg,Rust
aab3d2b598d2e858.jpg,Rust
abd0a11daddd072a.jpg,Rust
cfac66c5346638d1.jpg,Rust
fae0951a49a587d6.jpg,Rust
bdf6c0c0d827e61a.jpg,Rust
e490d1cc1adff8c8.jpg,Rust
9cc3797cdf3c0301.jpg,Rust
a5a9791e87b46c54.jpg,Rust
f50a6d96487aeb81.jpg,Rust
b0e1870fbe96668a.jpg,Rust
a88d63c9b8555daa.jpg,Rust
cba2dfb2a8259c34.jpg,Rust
8e6eaa642b02b5fa.jpg,Rust
bf3d819ac0c3dd0c.jpg,Rust
f5f4c32c4d2e20a7.jpg,Rust
abb6922c108f978f.jpg,Rust
b897c367857a9330.jpg,Rust
f4f96b1ed8a80385.jpg,Rust
85947d1e914af03f.jpg,Rust
a1833dfae6500eba.jpg,Rust
c2656b8b398a3727.jpg,Rust
c3542f42de8f1693.jpg,Rust
85806940f76d779e.jpg,Rust
a5bdc9a0c1db328b.jpg,Rust
ac9b45cf3aa05b16.jpg,Rust
abc397970c5a3c68.jpg,Rust
d59f72426e2613c3.jpg,Rust
8c8f6df5b4e070c8.jpg,Rust
a6f2d98bb4a42d25.jpg,Rust
f49694c18f49c9ab.jpg,Rust
bd6c8778528a13d6.jpg,Rust
cad115983a3a7567.jpg,Rust
c3b5e1921d133c3b.jpg,Rust
a4b48b5a5529776a.jpg,Rust
d58dd660231f545b.jpg,Rust
ae5e95b459830a6b.jpg,Rust
bc3a8b9b9c0f90cc.jpg,Rust
bdbfc0631ec77100.jpg,Rust
807947b90eb77856.jpg,Rust
a9e9391e1b99e701.jpg,Rust
a0e33c9d0c7792e9.jpg,Rust
b6c1cf3c70726a4a.jpg,Rust
8db43550701f63af.jpg,Rust
bd218c94c9879f3a.jpg,Rust
9c853768dada948e.jpg,Rust
9ee390fd18622795.jpg,Rust
ebb09e03786d7512.jpg,Rust
b82dd8a68596dc4b.jpg,Rust
9325f264bc255e3a.jpg,Rust
a0ded23d382532f3.jpg,Rust
c230109be4dd9f3b.jpg,Rust
c4f8dc6ad40fca07.jpg,Rust
908749cd1f2be553.jpg,Rust
8ee09cce60b2db1d.jpg,Rust
ac548d6b9530b6ec.jpg,Rust
bd98c090ecf87c66.jpg,Rust
d0e5c19a6969656d.jpg,Rust
b78dc1d9dda30350.jpg,Rust
bfa4908495c69b97.jpg,Rust
be82831fe8c471c7.jpg,Rust
b5c0a39c3939d2ba.jpg,Rust
8fc97529613d34b8.jpg,Rust
85922d3ebe65d8a1.jpg,Rust
a37bd4a0d8d67648.jpg,Rust
ae31f2b53692aaa4.jpg,Rust
a89fc0503e7c29bd.jpg,Rust
acc99659863d9f0a.jpg,Rust
d3c66ac935d183a6.jpg,Rust
c29422fa94e4d5f6.jpg,Rust
cda9324eda18ad96.jpg,Rust
ae9ad06d6ba13227.jpg,Rust
8bc27bdbdf8092a0.jpg,Rust
bd9873e3c9c69490.jpg,Rust
9304fc04e75c7ce9.jpg,Rust
bd154f595a1be0c2.jpg,Rust
a1625a5964af66ad.jpg,Rust
9894ad9bae345365.jpg,Rust
c64c69f0bb8b146b.jpg,Rust
e0db6703687fc928.jpg,Rust
b3f3ed460303387c.jpg,Rust
a2da383b31c99e65.jpg,Rust
f05a9a745b4d4875.jpg,Rust
b49f538f08a6c87c.jpg,Rust
b1c797ef10acd190.jpg,Rust
b3eb96cbb40254b2.jpg,Rust
a4ba528c9d596f2c.jpg,Rust
c4e1376523b66971.jpg,Rust
9049decd9589af52.jpg,Rust
b5ba9a6d78446784.jpg,Rust
b486cd89071fe25b.jpg,Rust
ae00d5a2e1563efc.jpg,Rust
f303a1f09d5fc5a0.jpg,Rust
961668add989db16.jpg,Rust
9fbb71e598132988.jpg,Rust
b788c7f41a1d2572.jpg,Rust
c0b175c783bb6f08.jpg,Rust
b0a3901b244fe3ef.jpg,Rust
a0ab4fa09d1f0bf1.jpg,Rust
bfbd3ed18009c09b.jpg,Rust
d0a953c03d96e98f.jpg,Rust
99996f8d81594a3e.jpg,Rust
dc32d69aba2b812b.jpg,Rust
c52d4456a52a7b73.jpg,Rust
d6d3f6833fa410a4.jpg,Rust
f6e501f5b0975423.jpg,Rust
a17acb4d4e962974.jpg,Rust
d4a437e742ba8d58.jpg,Rust
ec5e86e2ee84283d.jpg,Rust
c08e6ba535b436e6.jpg,Rust
8be353aeae464893.jpg,Rust
9d07ea216161cf2f.jpg,Rust
fbe5c19185a5d115.jpg,Rust
ecb986c159db8352.jpg,Rust
d3ed4bac0c211bd3.jpg,Rust
a29bb2398fed840e.jpg,Rust
a920cdb61f60e66b.jpg,Rust
bfeab92cc034c925.jpg,Rust
a571a73cd2b24a5a.jpg,Rust
ace8591d545f5683.jpg,Rust
a6a49b73b3943465.jpg,Rust
a0105f6573dba19d.jpg,Rust
d4e5b2e814857f86.jpg,Rust
81f5730f2b1c3731.jpg,Rust
b0ffe73c0047c70c.jpg,Rust
80f09587dfc7988e.jpg,Rust
e1b9c199938dd1c6.jpg,Rust
f7fac28d94b14164.jpg,Rust
d13ab809b35b227b.jpg,Rust
9d88c8ef662d70aa.jpg,Rust
856339e4d939c6d8.jpg,Rust
ca303681f18ff8ae.jpg,Rust
c0e6e21b32cde8f4.jpg,Rust
bdd3f444190944bf.jpg,Rust
c3a3bcc20364e6cf.jpg,Rust
9509cd594073b3f5.jpg,Rust
c6a498373f96368a.jpg,Rust
afd5749a875298a4.jpg,Rust
9ddd9a046f6c088f.jpg,Rust
a26f1e955abe5228.jpg,Rust
b1b5ba2b48afe1c0.jpg,Rust
b76dd74acc1084ce.jpg,Rust
b0a183de19bb96c3.jpg,Rust
8cbbfc83d31ad890.jpg,Rust
a1c9e1804fbc377c.jpg,Rust
cf83b242682eae3d.jpg,Rust
a23b8f1e6ea19545.jpg,Rust
ae4c5a950daf4b54.jpg,Rust
a5b63641aa3a65cd.jpg,Rust
c5fd266a99322563.jpg,Rust
9c8780f83917c7c7.jpg,Rust
e0c88ede1579a03f.jpg,Rust
c51b70f7a3c00e3d.jpg,Rust
d94e3ad8ae3ac870.jpg,Rust
b1b1919c490fcf9a.jpg,Rust
ae92ccbfcc38c838.jpg,Rust
c5d73e82da2e2750.jpg,Rust
aca3265863af6e1c.jpg,Rust
9cd8737391d5c960.jpg,Rust
c2c519d2a99ad4eb.jpg,Rust
bcbdca83444f309e.jpg,Rust
c3e995b03b526a87.jpg,Rust
8c6e3d86f81e111f.jpg,Rust
e3789a85710b3976.jpg,Rust
a187da51ddb82c3a.jpg,Rust
81dd8ff118a370c7.jpg,Rust
b4a96bcad2b4078d.jpg,Rust
b80898e11f81ff1f.jpg,Rust
aad5ea8d137069c3.jpg,Rust
a1c2cbf94c4e0f0f.jpg,Rust
a01a8fe2f81f99f0.jpg,Rust
e3921d58a3a5acad.jpg,Rust
c707995e62ccce70.jpg,Rust
a86b3a2ee587a50b.jpg,Rust
d9bf40d48372b6a1.jpg,Rust
e52aca58c89f35c5.jpg,Rust
837449e974cb39c5.jpg,Rust
e1e39f8809c7349d.jpg,Rust
a2eb3d1c6010df73.jpg,Rust
ca825e57242a7abd.jpg,Rust
ffcbc7d2e030e050.jpg,Rust
82a51a4b035f35fe.jpg,Rust
cff8c191854b3a9c.jpg,Rust
ba5c278629b5ccb1.jpg,Rust
9fadf0268f052ab8.jpg,Rust
dfcc6b28063a88fc.jpg,Rust
8f3d70819949faca.jpg,Rust
aa542048ebf78bf4.jpg,Rust
a9498f9d9b24e2a5.jpg,Rust
aacedff0d881c189.jpg,Rust
ca87815b2f3190df.jpg,Rust
a5d82052b5abdf23.jpg,Rust
81d5c3709f4e314f.jpg,Rust
ffb7de908858884a.jpg,Rust
b1cfcc3116f6c0e4.jpg,Rust
a296b39333c1e175.jpg,Rust
baa48e75eaa38352.jpg,Rust
a8e895e5aad453a5.jpg,Rust
bcc6f8d2e44a9929.jpg,Rust
a56d9ea69121d1d5.jpg,Rust
8b7ef0421e19ae5a.jpg,Rust
8f9b3a381388ad9d.jpg,Rust
cccb3b4c88b5b272.jpg,Rust
c0bec6c0d6c2d8cf.jpg,Rust
bfbc22e13421fc0e.jpg,Rust
bd7295320036eafc.jpg,Rust
cf4ebb99510b0aa9.jpg,Rust
b281d20a4f376fd2.jpg,Rust
e5bcdfc19483c825.jpg,Rust
a4e689347133f98e.jpg,Rust
b5e8da8c231a1bc7.jpg,Rust
b889d5b403de8fb0.jpg,Rust
a5da9fba68c20e16.jpg,Rust
b52d65c1ee320337.jpg,Rust
be8495536175517c.jpg,Rust
9bf4c55a704d7524.jpg,Rust
cfff3fc16004c11c.jpg,Rust
e1c13e72a41e6d8e.jpg,Rust
c5283b96c01b7ae7.jpg,Rust
b2ec0cf59931f033.jpg,Rust
d0c800df85297f7d.jpg,Rust
bf36c6426a8e1359.jpg,Rust
aab6cd72ac6a2938.jpg,Rust
b4cf174048e61de7.jpg,Rust
db308de738148677.jpg,Rust
af82d35831636d59.jpg,Rust
c4e8374fe19989a9.jpg,Rust
c1d52d7afaea1a04.jpg,Rust
888878ec8df5f0f4.jpg,Rust
e1ce3f611e5ec430.jpg,Rust
b64a9e69e9744d90.jpg,Rust
d0b02a1ad0dd7b9e.jpg,Rust
d89062fbf4452a9e.jpg,Rust
f4c00e3edcca3a39.jpg,Rust
cdc4460f1cfcc0f9.jpg,Rust
bd0002ae9bef6eb0.jpg,Rust
9eb1e8c7899ec198.jpg,Rust
a17cd35c5abea882.jpg,Rust
a99f81cdcf64ae10.jpg,Rust
e1e795b53861c9c8.jpg,Rust
a512d469876ba6b5.jpg,Rust
baf3938b42f8c08d.jpg,Rust
a5d042c32bc737ab.jpg,Rust
8ea7b9cc8bd2d809.jpg,Rust
c1cc8f836c9239eb.jpg,Rust
81b4639b9c72790f.jpg,Rust
8a9237d6a86ba167.jpg,Rust
a724e732969d4c35.jpg,Rust
8cbcb762ad3be880.jpg,Rust
e7cc1e70c3ae816a.jpg,Rust
f844039df3cc6794.jpg,Rust
aaaf47abd1c2a846.jpg,Rust
8b2ca5b9639b5899.jpg,Rust
a887c015cdd79c97.jpg,Rust
c444fec780ef181f.jpg,Rust
df282dfbd3112944.jpg,Rust
b188c20f776d9276.jpg,Rust
e4fec7a81e51030f.jpg,Rust
850367cf187768d6.jpg,Rust
81d0d0c77d4762cf.jpg,Rust
9796ce55ec7608a2.jpg,Rust
b2ccd8876c177661.jpg,Rust
82aa92f365da31f2.jpg,Rust
f7e88294feb460c1.jpg,Rust
e37e1e02c1d0cc5f.jpg,Rust
b2e4f22dc14ebc1c.jpg,Rust
cca9b187e1db5898.jpg,Rust
b966d08f6e385724.jpg,Rust
90988d2f3ef8f063.jpg,Rust
c5a588f9a7b4e50a.jpg,Rust
ad65b56714849da5.jpg,Rust
ac27cbc0cf0f612e.jpg,Rust
a1fe53b22b05d607.jpg,Rust
b6d4b6b48cd13658.jpg,Rust
80933fcc6a673636.jpg,Rust
b0fddb8b988c3d80.jpg,Rust
ae61967c97658835.jpg,Rust
ac27d2d2cfda450c.jpg,Rust
cb388b3a62c7dd88.jpg,Rust
d5f356c26b0c31cc.jpg,Rust
a4e5d2c88f25d935.jpg,Rust
cc94223ba6cd59f8.jpg,Rust
955268d26a7295e7.jpg,Rust
afe9c29a34a868c7.jpg,Rust
c3746b963742c387.jpg,Rust
c395a195e171b369.jpg,Rust
bd3cc0885dd1e1e5.jpg,Rust
ad17c993cd30c61d.jpg,Rust
bc62cd122f6dd2b0.jpg,Rust
bb848ba16e8d338b.jpg,Rust
b6a596167d1a545a.jpg,Rust
bf3e81021c99e2f3.jpg,Rust
f3f6071c28614d6d.jpg,Rust
e2ce934fa3a65443.jpg,Rust
b3b131c9e0279cd6.jpg,Rust
a0dadb96b1ab22e8.jpg,Rust
d99898db266ba865.jpg,Rust
bea1821cd85fb13a.jpg,Rust
c9b6374b07e6c780.jpg,Rust
a8496f3163636b59.jpg,Rust
bca0e0359f715953.jpg,Rust
dcf88a9264b663a5.jpg,Rust
9896e006e936fe8b.jpg,Rust
fc3c93c923967303.jpg,Rust
b80898e11fa17f1f.jpg,Rust
adb295d7ca4c282e.jpg,Rust
be106d64f99e9c03.jpg,Rust
8d0c3cc4636fc47d.jpg,Rust
9dce6cac2bf08705.jpg,Rust
baa4cf3860e25e9a.jpg,Rust
f8723f62139ac730.jpg,Rust
ab9d63636cd39481.jpg,Rust
afbc97909cc3581c.jpg,Rust
b573c1c0c3839e8f.jpg,Rust
e8a6c086dfed2d09.jpg,Rust
c8c265728b956f95.jpg,Rust
c03ad89827dea96e.jpg,Rust
af5e95807a7f2a80.jpg,Rust
b5865e13f9a0bc07.jpg,Rust
d01ec7c269c723f1.jpg,Rust
eec2edcc5094d68a.jpg,Rust
a14ec61a136f3bd4.jpg,Rust
a8c47d7848ada91f.jpg,Rust
e2ad1c3cbc375a90.jpg,Rust
bfe29090cb0b6f38.jpg,Rust
9c240ccd9afdd296.jpg,Rust
c977343db4b8b089.jpg,Rust
b18c4789c6e71b55.jpg,Rust
aa45956eda64dc64.jpg,Rust
b3eed0f84cd2c612.jpg,Rust
bb878a621c11d2df.jpg,Rust
c83d0eb3629d3965.jpg,Rust
c8d316dca6252d6b.jpg,Rust
c326e748de83971a.jpg,Rust
c09e35c7d027fa16.jpg,Rust
ab83c0d147c3db66.jpg,Rust
ae75c4e9c3629625.jpg,Rust
c53532c8cc5ed0ee.jpg,Rust
afa425346396a796.jpg,Rust
8c539728dbb64bd0.jpg,Rust
8ae29f9e6c218739.jpg,Rust
a3bec1c8cdb01ed2.jpg,Rust
87831fd7b52e0274.jpg,Rust
949437f0688be73a.jpg,Rust
9ca1158f3927c35e.jpg,Rust
aff094e272313ab1.jpg,Rust
cf497003f625df90.jpg,Rust
e50d1e683aab90dd.jpg,Rust
d999856c6d2ce94c.jpg,Rust
c9fabc81831ea770.jpg,Rust
ba177089fe11872e.jpg,Rust
c5e4c69d861d2733.jpg,Rust
ca00eb62b81fd8af.jpg,Rust
c0d2c496bb3c732d.jpg,Rust
8572eb8d1225c33f.jpg,Rust
e38b8323da1e8fc2.jpg,Rust
b5f14a88f02d4f96.jpg,Rust
9fad869f21b5b240.jpg,Rust
b562d66dca36c912.jpg,Rust
bd1108df9c9bd80d.jpg,Rust
a50fc3ce67617a30.jpg,Rust
bef892789cf11e01.jpg,Rust
9f1ab4caf5c3904c.jpg,Rust
8161733dfc3c1c65.jpg,Rust
c46a85b46b643acf.jpg,Rust
81c97ef498cc87c3.jpg,Rust
b735a3084cbdfe04.jpg,Rust
ebb1e40cf28c09ee.jpg,Rust
c5e1af4bc07439d4.jpg,Rust
d1f01e8d8a73274d.jpg,Rust
9df89ac1e0ec46e1.jpg,Rust
82798f32ab063ecd.jpg,Rust
9bd2c4ec23071c9f.jpg,Rust
a7a1929bae27c5b0.jpg,Rust
aa142048eff78bf4.jpg,Rust
98779993c891e48f.jpg,Rust
a50fd73100b37a7c.jpg,Rust
c0ff18bfb811e503.jpg,Rust
b67f48c0de99682c.jpg,Rust
f3b19b71a064687c.jpg,Rust
df0f2ac26509656d.jpg,Rust
daaecb825076671a.jpg,Rust
aed725c6c42b0e35.jpg,Rust
83705953c74517d7.jpg,Rust
ccb8ddd19023f706.jpg,Rust
aab23789d34a413f.jpg,Rust
a0b68cdb94dd8356.jpg,Rust
97096a398d55d44f.jpg,Rust
d1b99c346134bccd.jpg,Rust
a91ef198512aad7a.jpg,Rust
c2906eb694eb39cc.jpg,Rust
873407b3fe462935.jpg,Rust
9eb78a04a15dda1b.jpg,Rust
e1b1f1f2de1c022e.jpg,Rust
b3d14b94a8583d5d.jpg,Rust
a1f1d19a74983d33.jpg,Rust
8a954b82bf81f2bc.jpg,Rust
ae94dae8c448e64f.jpg,Rust
81a063b69c99ed9e.jpg,Rust
a3ebb2ab31622933.jpg,Rust
81cd969c7d0944fb.jpg,Rust
acf5c563301a4cf3.jpg,Rust
bd96b091cdcc7c48.jpg,Rust
a7f3c2858ab5bd10.jpg,Rust
ae2c85c646161f7b.jpg,Rust
c3a8ce9bb12d2785.jpg,Rust
c1b49f124f3b9e41.jpg,Rust
aa19152955afc1ed.jpg,Rust
cd9eb2a68e14662d.jpg,Rust
cba838c9c96db331.jpg,Rust
9005d36127b0f77b.jpg,Rust
9fe9c28c28730e9e.jpg,Rust
adecc8c68c55d855.jpg,Rust
f432afbd96b013c0.jpg,Rust
d0dd3c34c2954d7a.jpg,Rust
bc33d0c1d38d3b86.jpg,Rust
c595cf8172676562.jpg,Rust
8aa78fd5c6c0cec2.jpg,Rust
